ACE2_RESIDUE,ADJ_SAPT0
30,-147.178
31,-83.559
353,-76.833
38,-49.898
23,-23.051
357,-22.798
27,-10.604
19,-8.526
41,-7.895
34,-6.230
83,-4.123
75,-3.627
68,-3.324
388,-3.309
330,-3.025
79,-2.604
387,-1.943
354,-1.922
24,-1.472
386,-1.415
25,-1.290
45,-1.061
49,-1.040
44,-1.040
43,-0.836
21,-0.807
28,-0.759
87,-0.668
82,-0.572
48,-0.560
46,-0.528
42,-0.465
76,-0.417
383,-0.389
351,-0.382
324,-0.379
40,-0.337
97,-0.208
22,-0.175
327,-0.169
84,-0.094
69,-0.063
100,-0.041
52,-0.033
331,-0.015
77,0.007
385,0.011
39,0.032
88,0.035
390,0.056
101,0.059
328,0.145
65,0.155
323,0.158
80,0.167
61,0.224
36,0.254
349,0.265
72,0.286
382,0.342
81,0.363
326,0.383
78,0.522
356,0.536
29,0.550
32,0.720
350,1.107
325,1.159
20,1.172
389,1.332
33,2.145
393,2.979
37,3.368
352,3.563
35,7.924
26,24.416
329,29.281
355,33.842
