ACE2_RESIDUE_NUM,ACE2_RESIDUE_NAME,SPIKE_RES_NUM,SPIKE_RESIDUE_NAME,CLOC_DISTANCE,IS_SALT_BRIDGE,SAPT0_ENERGY,ADJ_SAPT0_ENERGY
42,GLN,498,GLN,1.7716991843989736,NO,-3.77600423,0.591
41,TYR,500,THR,1.887139634473291,NO,-5.12074640,-5.129
353,LYS,502,GLY,1.9471191540324388,NO,-5.78430653,-1.899
19,SER,475,ALA,1.9756631797955833,NO,-7.59126391,-6.683
38,ASP,449,TYR,1.9958278983920428,NO,-16.94602401,-18.773
83,TYR,487,ASN,2.021285482063334,NO,-7.29406146,-0.310
24,GLN,487,ASN,2.0245382189526535,NO,-2.98181229,-0.913
30,ASP,417,LYS,2.100011666634259,YES,-102.26986975,-101.946
34,HIS,453,TYR,2.2399073641559397,NO,-0.05647333,0.121
357,ARG,500,THR,2.291639369534395,NO,-2.49049883,-4.844
30,ASP,456,PHE,2.334132386990934,NO,0.82207246,-5.966
28,PHE,489,TYR,2.344755211104138,NO,-2.33443899,-1.364
27,THR,489,TYR,2.3907124461130804,NO,-1.20616411,-1.664
82,MET,486,PHE,2.4445764459308688,NO,-1.68261927,-1.516
41,TYR,501,ASN,2.4534534843766664,NO,-6.38176000,-2.724
31,LYS,456,PHE,2.4800913289635123,NO,-1.05647721,-2.589
34,HIS,493,GLN,2.4856558490668,NO,-3.78693915,-1.567
354,GLY,502,GLY,2.4896813049063136,NO,-7.72092316,-1.882
353,LYS,496,GLY,2.5071529670125834,NO,-9.63995196,-19.144
27,THR,456,PHE,2.553825365995103,NO,-2.02387745,-2.203
79,LEU,486,PHE,2.5610816074463583,NO,-2.31291364,-2.186
34,HIS,455,LEU,2.5671932143880407,NO,-0.52522928,-0.782
27,THR,475,ALA,2.576812954018976,NO,-0.65646336,-0.450
19,SER,476,GLY,2.597274725553693,NO,-8.40439292,-2.020
31,LYS,489,TYR,2.618070090734775,NO,2.14757358,7.454
35,GLU,493,GLN,2.6308624061322563,NO,-7.88502576,-7.866
27,THR,473,TYR,2.658244157333934,NO,-1.02699010,-1.067
330,ASN,500,THR,2.6729769920446396,NO,-3.86841462,-0.811
353,LYS,501,ASN,2.6833630019063777,NO,-14.30126831,-2.245
353,LYS,505,TYR,2.6902806545042828,NO,-13.09201266,-11.213
31,LYS,455,LEU,2.7255892940793567,NO,1.12813585,-0.077
41,TYR,498,GLN,2.835833916152355,NO,-1.21126694,2.369
355,ASP,500,THR,2.9090455479417967,NO,-1.98033244,0.892
355,ASP,501,ASN,3.020169035004498,NO,-0.27468501,6.833
83,TYR,486,PHE,3.030013201291373,NO,-3.47316320,-2.765
38,ASP,496,GLY,3.0303473398275647,NO,-1.72290685,2.999
24,GLN,475,ALA,3.051968708882843,NO,-5.18944876,-1.647
24,GLN,476,GLY,3.0698218189334714,NO,-5.08920328,-0.288
42,GLN,449,TYR,3.088724008389225,NO,2.40276844,-0.148
45,LEU,498,GLN,3.112494497987105,NO,-0.56866271,-0.573
393,ARG,505,TYR,3.1691920105919755,NO,-1.93079685,-1.828
42,GLN,446,GLY,3.174406401203221,NO,2.32426036,-1.443
37,GLU,505,TYR,3.227206531971575,NO,-4.40297846,-4.245
38,ASP,498,GLN,3.2485542938359497,NO,-13.82876232,28.204
354,GLY,505,TYR,3.254697528189063,NO,-7.12209636,-1.136
31,LYS,490,PHE,3.284495242803679,NO,-9.14179544,-17.080
30,ASP,455,LEU,3.3899558994181644,NO,1.99723077,2.983
83,TYR,489,TYR,3.4348055257903574,NO,-0.75406323,-1.024
31,LYS,493,GLN,3.5385090080427957,NO,-17.01588661,-2.490
31,LYS,484,GLU,3.547439921971898,YES,-62.78591055,-63.149
355,ASP,502,GLY,3.6221940864619615,NO,-5.35888720,0.071
353,LYS,498,GLN,3.677037530404061,NO,7.03187658,-33.150
45,LEU,500,THR,3.690694921014203,NO,-0.31713208,-0.463
34,HIS,417,LYS,3.962933887916883,NO,-1.40102963,-2.960
24,GLN,486,PHE,4.050282953078712,NO,-1.00686292,-0.540
42,GLN,447,GLY,4.155998195379782,NO,2.28668476,0.325
45,LEU,446,GLY,4.218004385962629,NO,-0.20284257,-0.260
28,PHE,487,ASN,4.38280971523976,NO,-1.51072652,-0.094
353,LYS,495,TYR,4.431642923341187,NO,5.11874455,10.301
353,LYS,497,PHE,4.5117804689501435,NO,-15.07560327,4.319
24,GLN,489,TYR,4.564161587849403,NO,0.57176023,0.918
45,LEU,445,VAL,4.582386823479658,NO,-0.19600497,0.039
31,LYS,492,LEU,4.591205615086305,NO,-5.45478389,-7.711
354,GLY,501,ASN,4.606138187245361,NO,-10.28361162,1.040
325,GLN,503,VAL,4.622923966495664,NO,0.49474593,0.166
326,GLY,500,THR,4.72825432903096,NO,-0.98306443,-0.425
21,ILE,487,ASN,4.765809689863833,NO,0.62864156,-0.429
79,LEU,487,ASN,4.783461194574489,NO,-0.24174451,-0.426
352,GLY,501,ASN,4.8169381353718865,NO,-1.04060600,0.828
19,SER,477,SER,4.817724462855883,NO,-1.96958078,-0.260
79,LEU,489,TYR,4.849819171886722,NO,0.07913846,0.188
324,THR,502,GLY,4.868686167745873,NO,0.85621261,0.922
354,GLY,504,GLY,4.879186612541069,NO,-2.23618572,-0.101
352,GLY,502,GLY,4.902760548915273,NO,-0.61564863,-0.153
326,GLY,502,GLY,4.9207947528829115,NO,0.26875153,0.354
38,ASP,493,GLN,4.985392060811265,NO,-4.09436080,-3.033
21,ILE,486,PHE,4.992796210541748,NO,-0.21726837,-0.318
27,THR,487,ASN,5.013607583367491,NO,-1.52216838,0.416
330,ASN,499,PRO,5.017302063858623,NO,-1.23498148,-0.543
354,GLY,503,VAL,5.018872582562742,NO,-1.83100816,-0.292
351,LEU,500,THR,5.0241723696545275,NO,-0.58339485,-0.371
24,GLN,477,SER,5.031779903771628,NO,-0.94234646,0.068
83,TYR,475,ALA,5.045445669115861,NO,-0.18827947,-0.094
386,ALA,505,TYR,5.056260475885313,NO,0.60725373,0.538
324,THR,503,VAL,5.059229289130905,NO,0.89741676,0.302
28,PHE,456,PHE,5.073345346021699,NO,-1.56201192,-0.091
23,GLU,475,ALA,5.0950168792654615,NO,4.10540213,3.485
79,LEU,485,GLY,5.109796375590716,NO,-0.72156188,-0.217
325,GLN,506,GLN,5.1426547618909835,NO,0.21377618,0.381
26,LYS,456,PHE,5.19265914537051,NO,-0.46857375,1.326
34,HIS,403,ARG,5.2132239545218075,NO,-5.22531673,-4.068
353,LYS,500,THR,5.224967559707906,NO,1.53233004,1.050
326,GLY,501,ASN,5.236773529569519,NO,-0.85696522,-0.278
354,GLY,500,THR,5.246971507450751,NO,-1.60456327,0.344
80,ALA,486,PHE,5.262313179581766,NO,-1.54470433,-0.037
326,GLY,503,VAL,5.2880289333550365,NO,1.01087584,0.101
45,LEU,501,ASN,5.297666373036339,NO,0.26363044,0.071
41,TYR,502,GLY,5.328500821056519,NO,-0.60125486,0.051
34,HIS,456,PHE,5.336286911327011,NO,-0.12431788,-0.001
37,GLU,403,ARG,5.3807776389663236,YES,-43.88495136,-44.556
353,LYS,449,TYR,5.392142709535791,NO,-2.53019461,1.115
28,PHE,475,ALA,5.394654113101229,NO,-0.51649416,-0.190
76,GLN,489,TYR,5.404960406885509,NO,-0.26863522,0.005
330,ASN,501,ASN,5.409074782252506,NO,-2.98955165,-1.144
353,LYS,403,ARG,5.421118888200111,NO,44.16049814,42.582
32,PHE,456,PHE,5.4519762471969715,NO,-0.42980594,0.070
38,ASP,494,SER,5.462868385747544,NO,2.07944898,5.428
45,LEU,499,PRO,5.467210623343498,NO,0.07431096,0.002
28,PHE,486,PHE,5.475479613695956,NO,-0.08176413,-0.267
19,SER,474,GLN,5.486983506445047,NO,-0.54904358,-0.510
34,HIS,494,SER,5.507318222147688,NO,0.69862151,0.664
38,ASP,447,GLY,5.507950889396164,NO,1.86962096,-3.312
356,PHE,502,GLY,5.556586812063679,NO,-0.08936735,-0.293
357,ARG,501,ASN,5.557620803905213,NO,-2.43416836,-7.396
329,GLU,500,THR,5.589661975468644,NO,2.67489405,-1.182
31,LYS,491,PRO,5.609043501346729,NO,-13.74354447,1.423
41,TYR,499,PRO,5.6491976421435295,NO,-0.86923418,-0.881
38,ASP,495,TYR,5.665978026784079,NO,-4.64132332,-5.207
31,LYS,488,CYS,5.670243381019902,NO,-32.91749678,-33.178
25,ALA,487,ASN,5.670790597438775,NO,1.09356028,-0.181
19,SER,487,ASN,5.705295610220388,NO,-0.67565347,-0.008
27,THR,455,LEU,5.714822306948835,NO,0.09159608,0.070
353,LYS,503,VAL,5.716164098414252,NO,-2.19919690,-0.560
353,LYS,494,SER,5.719298033849959,NO,-3.65835799,-5.557
352,GLY,505,TYR,5.7204526044710855,NO,-2.54657422,-1.339
30,ASP,421,TYR,5.721760306059665,NO,-0.69797176,0.471
393,ARG,403,ARG,5.72608845548163,NO,36.22443527,35.412
37,GLU,493,GLN,5.726902391345607,NO,-2.40764225,-1.533
36,ALA,493,GLN,5.753497458068439,NO,0.09809465,0.235
32,PHE,455,LEU,5.755160206284444,NO,-0.60503627,-0.128
356,PHE,500,THR,5.755176018159654,NO,-0.91851662,0.471
42,GLN,496,GLY,5.775367953645897,NO,-0.03404447,-0.298
49,ASN,445,VAL,5.783587208644821,NO,0.02743802,0.311
29,LEU,489,TYR,5.785334130367924,NO,-1.04679892,-0.426
20,THR,476,GLY,5.810097245313539,NO,-0.32097239,-0.089
39,LEU,449,TYR,5.8507155972581675,NO,0.05245080,0.063
355,ASP,505,TYR,5.858507830497456,NO,-2.75444592,0.298
38,ASP,497,PHE,5.862423560269251,NO,0.03226653,-2.925
41,TYR,446,GLY,5.882474819325621,NO,-0.82663617,-0.576
35,GLU,494,SER,5.8843839099773225,NO,0.05647769,5.136
27,THR,474,GLN,5.887118565138636,NO,0.23525150,0.252
35,GLU,455,LEU,5.903923525927482,NO,-2.08471100,-0.817
20,THR,475,ALA,5.913001691188663,NO,0.17561769,1.503
326,GLY,506,GLN,5.934781714604169,NO,0.49292808,0.021
27,THR,417,LYS,5.939760432879429,NO,-6.59933243,-3.567
41,TYR,496,GLY,5.961264127682986,NO,0.08825570,0.154
29,LEU,456,PHE,5.964076290591859,NO,-0.49732238,0.217
353,LYS,506,GLN,5.989824788756346,NO,-6.01163094,-6.376
387,ALA,505,TYR,6.0061007317560025,NO,0.60746424,-0.202
353,LYS,504,GLY,6.020672221604496,NO,-1.00970479,-0.388
25,ALA,489,TYR,6.0364487076426006,NO,0.69733513,-0.252
78,THR,486,PHE,6.053988272205356,NO,-0.09168962,0.109
33,ASN,493,GLN,6.105186401740736,NO,-0.64159375,-0.420
19,SER,473,TYR,6.121952057963213,NO,0.17002844,0.186
41,TYR,449,TYR,6.134418391339148,NO,-0.00047311,-0.065
42,GLN,445,VAL,6.171717913190783,NO,-0.17009754,-0.204
329,GLU,506,GLN,6.174417543380103,NO,-3.05592869,-2.790
33,ASN,455,LEU,6.18791677384239,NO,-0.36226605,-0.251
352,GLY,500,THR,6.1959678824215985,NO,-0.06448116,0.703
81,GLN,486,PHE,6.198092367817699,NO,-0.18012832,0.109
38,ASP,501,ASN,6.200978068014758,NO,-1.37794264,-3.233
45,LEU,447,GLY,6.225048192584535,NO,-0.32114892,0.001
83,TYR,476,GLY,6.2263384103339545,NO,-0.21062481,0.177
83,TYR,488,CYS,6.227724223181371,NO,-0.18640844,-0.455
32,PHE,489,TYR,6.238554800592838,NO,-0.60178847,-0.223
330,ASN,506,GLN,6.253390600306365,NO,0.54789576,0.196
325,GLN,502,GLY,6.263957295512159,NO,0.39617646,1.114
41,TYR,447,GLY,6.293354749257348,NO,-0.73093597,-0.037
84,PRO,486,PHE,6.30998328048498,NO,-0.05206199,-0.073
329,GLU,499,PRO,6.31964904088827,NO,3.53093954,3.516
32,PHE,493,GLN,6.343755197042205,NO,-1.37562069,-0.240
355,ASP,498,GLN,6.3454708257149814,NO,0.66161767,37.228
27,THR,476,GLY,6.3464378197536915,NO,-0.67266613,0.122
20,THR,487,ASN,6.402651716281307,NO,0.07663968,-0.068
34,HIS,406,GLU,6.413210974231238,YES,3.28527889,3.674
24,GLN,473,TYR,6.414212422425689,NO,-0.34102522,-0.388
38,ASP,446,GLY,6.419401685515558,NO,1.57079271,4.671
356,PHE,505,TYR,6.454150679988808,NO,0.06434339,-0.172
30,ASP,489,TYR,6.456389780674643,NO,-1.03689634,0.186
82,MET,487,ASN,6.460103791735858,NO,-0.75775138,-0.372
351,LEU,501,ASN,6.463564419111176,NO,-0.37630401,-0.387
25,ALA,475,ALA,6.474958146582878,NO,-1.59299179,-0.344
330,ASN,502,GLY,6.501928790751251,NO,-0.19280561,0.254
357,ARG,498,GLN,6.507475470564603,NO,-1.19165506,-34.266
34,HIS,495,TYR,6.528388622010795,NO,-0.32671008,-0.716
35,GLU,449,TYR,6.544607016467834,NO,-0.80711759,-1.049
23,GLU,473,TYR,6.546489364537304,NO,-1.38885364,-1.409
23,GLU,487,ASN,6.565498457847661,NO,1.36511997,0.430
26,LYS,417,LYS,6.571698867111912,NO,25.77856091,25.809
21,ILE,476,GLY,6.572083992159565,NO,1.09287898,-0.065
34,HIS,505,TYR,6.579895059953462,NO,-0.23770826,-0.136
41,TYR,497,PHE,6.589809557187523,NO,-0.60957812,-0.479
387,ALA,403,ARG,6.591254888107423,NO,-3.15650531,-0.620
29,LEU,455,LEU,6.598121020411796,NO,-0.45339342,-0.147
23,GLU,489,TYR,6.6236588831249446,NO,0.10602707,1.285
79,LEU,488,CYS,6.626271802454228,NO,0.26834152,0.462
31,LYS,417,LYS,6.626277839028485,NO,28.90749716,29.866
41,TYR,445,VAL,6.636302811053756,NO,-0.28992438,-0.167
357,ARG,499,PRO,6.639863025695636,NO,0.93056462,1.616
28,PHE,485,GLY,6.656907615402219,NO,0.11623230,0.029
390,PHE,505,TYR,6.6574247273251235,NO,-0.01743024,0.032
37,GLU,453,TYR,6.663962334827532,NO,-0.01027231,0.654
353,LYS,453,TYR,6.676242805650496,NO,0.72431647,-0.115
356,PHE,501,ASN,6.6804686961320305,NO,-1.00502137,0.846
48,TRP,500,THR,6.690928560371869,NO,0.05312439,-0.021
35,GLU,453,TYR,6.694943240984197,NO,-0.35779973,2.629
31,LYS,472,ILE,6.714576010441757,NO,1.50160467,3.183
31,LYS,494,SER,6.726756870885107,NO,1.35119895,-1.586
327,PHE,502,GLY,6.727688310259326,NO,0.11430567,0.175
30,ASP,493,GLN,6.731441227552982,NO,-2.47002781,-1.397
27,THR,457,ARG,6.733240007604066,NO,-1.00929267,-0.633
326,GLY,499,PRO,6.737387179018289,NO,-0.64259745,-0.132
353,LYS,447,GLY,6.7590520785092325,NO,1.48800107,2.884
354,GLY,405,ASP,6.776124998847053,NO,-0.17337554,0.317
329,GLU,439,ASN,6.7801168131530005,NO,-4.09353949,-2.100
26,LYS,489,TYR,6.7816217087065525,NO,-0.78114669,-1.235
45,LEU,444,LYS,6.788288517734053,NO,0.85853378,0.263
37,GLU,496,GLY,6.792474070616684,NO,0.26973763,2.598
35,GLU,484,GLU,6.803334550057055,NO,37.09010181,39.114
23,GLU,476,GLY,6.804808079586079,NO,4.83739700,0.903
39,LEU,493,GLN,6.8185105411665985,NO,0.56291911,0.102
31,LYS,473,TYR,6.819442059289018,NO,0.50856307,-2.579
24,GLN,478,THR,6.830716946265597,NO,0.12997303,-0.061
25,ALA,486,PHE,6.831960919091971,NO,-0.26309351,-0.147
24,GLN,474,GLN,6.84071348617964,NO,-0.15471661,0.316
41,TYR,505,TYR,6.863761723719727,NO,-0.23190718,-0.077
354,GLY,506,GLN,6.876810379819994,NO,-1.97282845,-0.289
355,ASP,503,VAL,6.884437667667563,NO,-4.25034960,-1.027
83,TYR,485,GLY,6.888449099761141,NO,-0.16227067,0.159
388,GLN,505,TYR,6.9052587207142375,NO,0.21106565,0.105
35,GLU,490,PHE,6.913708700834888,NO,0.28737408,3.281
28,PHE,455,LEU,6.938404211344276,NO,-0.37595853,-0.178
324,THR,501,ASN,6.942837100206226,NO,0.26131436,0.151
353,LYS,448,ASN,6.946451036320633,NO,-0.64137694,-1.824
35,GLU,492,LEU,6.947104576728351,NO,1.12144966,3.407
330,ASN,439,ASN,6.947932138413559,NO,0.24123318,0.190
355,ASP,499,PRO,6.949657401627795,NO,-1.44735223,-2.312
28,PHE,488,CYS,6.9506190371793535,NO,-0.40031492,0.084
49,ASN,446,GLY,6.958189707100547,NO,0.05560085,-0.080
27,THR,488,CYS,6.963822944331652,NO,-1.50170953,-0.521
30,ASP,453,TYR,6.963897328364341,NO,0.54309533,1.869
33,ASN,456,PHE,6.966276623850072,NO,-0.25555671,0.216
38,ASP,453,TYR,6.993362638959885,NO,-0.74787364,0.359
41,TYR,444,LYS,7.002168592657564,NO,0.15484565,-0.030
26,LYS,475,ALA,7.014721163382049,NO,-2.24076617,-1.639
324,THR,504,GLY,7.016333800497238,NO,0.69569677,0.221
33,ASN,505,TYR,7.0187652047920785,NO,-0.29784718,-0.153
325,GLN,501,ASN,7.031242706662884,NO,-0.44092498,-0.959
72,PHE,493,GLN,7.039818605617619,NO,0.04851050,-0.033
24,GLN,488,CYS,7.04748018798208,NO,1.15904579,0.329
19,SER,478,THR,7.060655918539013,NO,-0.46991216,-0.011
325,GLN,439,ASN,7.064412926776011,NO,-0.35532960,0.355
39,LEU,498,GLN,7.078693170352844,NO,-0.55636854,-0.101
27,THR,421,TYR,7.082660728850423,NO,-0.01548290,0.113
42,GLN,448,ASN,7.083585673936612,NO,-0.63813068,-0.072
31,LYS,485,GLY,7.087878808219,NO,-1.86161149,-4.493
386,ALA,403,ARG,7.095501462194198,NO,-2.24541383,-2.206
42,GLN,501,ASN,7.13196052989639,NO,-0.07259615,0.518
354,GLY,403,ARG,7.134376146517648,NO,0.47746915,0.654
327,PHE,500,THR,7.1373652001281265,NO,-0.75197960,-0.035
324,THR,500,THR,7.1592349451599935,NO,-0.11496010,0.072
34,HIS,496,GLY,7.164086682892663,NO,-0.19708708,0.297
37,GLU,498,GLN,7.182098648723785,NO,-1.71273720,24.036
38,ASP,448,ASN,7.183890171766268,NO,-0.71649842,0.335
31,LYS,475,ALA,7.192161914195206,NO,2.05872480,0.740
357,ARG,445,VAL,7.216255400136554,NO,1.26702799,2.263
42,GLN,444,LYS,7.2191114411678114,NO,-1.91699168,0.340
351,LEU,502,GLY,7.227835291427164,NO,0.26704120,0.133
97,LEU,486,PHE,7.228325601410051,NO,-0.06760120,-0.055
49,ASN,500,THR,7.23426713634491,NO,0.04285537,-0.126
38,ASP,505,TYR,7.236398620861071,NO,0.75100893,1.198
353,LYS,493,GLN,7.244996963422419,NO,4.43653521,2.492
28,PHE,473,TYR,7.265742632381084,NO,0.00456837,0.087
355,ASP,506,GLN,7.275856375712759,NO,-3.59000511,-1.359
80,ALA,489,TYR,7.282469224102493,NO,0.10211005,0.133
387,ALA,405,ASP,7.306953605983824,NO,0.25134986,0.136
21,ILE,475,ALA,7.31268904029154,NO,0.91537864,-0.181
33,ASN,453,TYR,7.318503672199666,NO,-0.49245199,-0.469
43,SER,498,GLN,7.330000613915391,NO,0.62323893,-0.681
356,PHE,503,VAL,7.3399807901655985,NO,0.05618387,-0.081
31,LYS,453,TYR,7.364688791795621,NO,-1.27545404,-3.926
324,THR,506,GLN,7.372347590828854,NO,0.23099119,0.146
20,THR,477,SER,7.378283946826659,NO,-1.64971013,-0.201
353,LYS,507,PRO,7.393653697597689,NO,0.52163063,0.237
329,GLU,501,ASN,7.39966580326436,NO,1.94773460,4.399
357,ARG,502,GLY,7.412996560096328,NO,0.09920286,0.063
30,ASP,473,TYR,7.43965147033112,NO,-0.92803019,-0.063
33,ASN,417,LYS,7.44619997045473,NO,5.78270589,4.104
31,LYS,487,ASN,7.447248820873379,NO,0.80292396,2.464
34,HIS,449,TYR,7.448325516517119,NO,-0.11833481,-0.307
356,PHE,504,GLY,7.452072597606654,NO,0.13363536,-0.123
35,GLU,489,TYR,7.484424493573298,NO,-2.60886507,-4.031
37,GLU,494,SER,7.485049498834327,NO,1.20027849,2.258
389,PRO,505,TYR,7.501881897230855,NO,0.21764095,0.085
35,GLU,456,PHE,7.521040685968927,NO,-0.44676832,0.385
330,ASN,498,GLN,7.523480444581482,NO,-0.29314249,-1.357
353,LYS,405,ASP,7.523799837847895,YES,-27.07227738,-28.007
23,GLU,456,PHE,7.5238120657018035,NO,-0.73575627,-2.025
37,GLU,501,ASN,7.531675046096985,NO,-2.84448381,-2.384
37,GLU,449,TYR,7.5528409224608986,NO,0.50591538,-0.485
325,GLN,437,ASN,7.562991868301856,NO,-0.06796041,0.235
37,GLU,495,TYR,7.571762608534422,NO,-1.33996507,-2.970
76,GLN,485,GLY,7.579119276010897,NO,-0.36763036,-0.258
24,GLN,456,PHE,7.609947831621452,NO,0.03551115,-0.323
42,GLN,497,PHE,7.627719842783949,NO,-0.01546449,0.070
76,GLN,486,PHE,7.657531064253017,NO,-0.58982070,-0.455
331,SER,500,THR,7.658353086662957,NO,-0.33816315,-0.015
19,SER,489,TYR,7.672790952450093,NO,0.02934502,-0.031
351,LEU,498,GLN,7.6878468377043,NO,-0.38721409,0.355
26,LYS,487,ASN,7.689111912308211,NO,-2.00717619,0.550
34,HIS,454,ARG,7.693043935920292,NO,0.45075157,0.217
352,GLY,498,GLN,7.711116715495882,NO,-0.11465895,2.028
41,TYR,506,GLN,7.7219964387456175,NO,-0.34306609,-0.166
386,ALA,405,ASP,7.7231110959250096,NO,-0.73493514,0.011
355,ASP,504,GLY,7.723485029441049,NO,-3.52627289,-1.552
27,THR,491,PRO,7.769400169897292,NO,0.64127109,0.157
49,ASN,498,GLN,7.7696512791759185,NO,-0.23930921,-1.308
26,LYS,455,LEU,7.7698132538691045,NO,-1.19525888,-1.108
30,ASP,475,ALA,7.771553834337123,NO,0.18159867,0.257
101,GLN,486,PHE,7.771602473106817,NO,0.07579646,0.059
29,LEU,417,LYS,7.773444667584636,NO,0.92493419,0.826
325,GLN,500,THR,7.78837242304193,NO,-0.47644656,-0.264
39,LEU,496,GLY,7.794415115966047,NO,0.17297581,-0.184
353,LYS,499,PRO,7.8120760364963155,NO,-0.28665790,1.145
42,GLN,500,THR,7.83228197909141,NO,-0.18642796,0.282
327,PHE,501,ASN,7.834086417700536,NO,-0.50768725,-0.248
45,LEU,449,TYR,7.835325009213081,NO,-0.10702676,-0.058
29,LEU,487,ASN,7.838830780161033,NO,-0.84261619,0.130
82,MET,489,TYR,7.851669249274321,NO,0.05871453,0.064
327,PHE,503,VAL,7.856379700600017,NO,0.56369535,0.031
30,ASP,457,ARG,7.870571707315803,YES,-22.10730780,-19.667
33,ASN,403,ARG,7.882013638658588,NO,-0.04461642,-1.050
329,GLU,503,VAL,7.888499603853701,NO,-1.52247268,-0.352
82,MET,485,GLY,7.898581961339643,NO,-0.51305716,-0.276
25,ALA,476,GLY,7.902121613845232,NO,-1.10411344,0.003
75,GLU,486,PHE,7.902423995205522,NO,-1.09281149,-1.170
34,HIS,421,TYR,7.911195168873034,NO,-0.32981556,-0.176
25,ALA,456,PHE,7.9164373931712495,NO,0.03116560,-0.001
26,LYS,473,TYR,7.918691937435124,NO,0.65647612,0.427
34,HIS,492,LEU,7.924530648562094,NO,-0.38571486,-0.458
42,GLN,499,PRO,7.925618020066322,NO,-0.63085560,-0.151
21,ILE,477,SER,7.941604686711623,NO,-0.36985959,-0.034
79,LEU,484,GLU,7.954963293441397,NO,-1.00290267,-0.406
326,GLY,439,ASN,7.956994218924632,NO,0.14233056,0.099
46,ALA,446,GLY,7.977205149674917,NO,-0.19907458,-0.085
84,PRO,487,ASN,7.993654545950806,NO,0.15157106,-0.021
34,HIS,418,ILE,8.03698220727158,NO,-0.43034747,-0.114
41,TYR,443,SER,8.03721655798822,NO,-0.18479234,-0.076
353,LYS,446,GLY,8.048689210051531,NO,0.59052957,-0.832
83,TYR,477,SER,8.076662058053438,NO,0.03078596,0.083
76,GLN,487,ASN,8.0962653118583,NO,-0.13147420,-0.454
46,ALA,498,GLN,8.107384288412634,NO,0.03582161,-0.459
40,PHE,498,GLN,8.1154531604834,NO,0.48528463,-0.477
41,TYR,448,ASN,8.125254519090463,NO,-0.17703677,-0.089
44,SER,500,THR,8.132271822805727,NO,0.16827631,0.023
29,LEU,475,ALA,8.163778108204557,NO,-0.19095969,-0.030
324,THR,505,TYR,8.174518089771409,NO,0.39226370,0.184
45,LEU,496,GLY,8.181516790913527,NO,-0.11856233,-0.064
31,LYS,486,PHE,8.195058572090867,NO,-2.23534608,1.907
329,GLU,502,GLY,8.210078562352493,NO,2.17229757,-1.864
40,PHE,449,TYR,8.232160469767338,NO,0.09829846,0.089
386,ALA,502,GLY,8.248918838247834,NO,0.14289380,0.168
97,LEU,489,TYR,8.266309999026166,NO,-0.08595061,-0.089
357,ARG,446,GLY,8.272000785783325,NO,2.35234122,0.579
22,GLU,487,ASN,8.272809317275478,NO,0.89920762,-0.682
45,LEU,497,PHE,8.281847740691687,NO,-0.13684127,0.012
43,SER,449,TYR,8.331922527244236,NO,-0.05670569,0.004
325,GLN,499,PRO,8.334421995555543,NO,-0.06164109,-0.352
22,GLU,475,ALA,8.337189274569695,NO,0.70845433,0.928
76,GLN,484,GLU,8.344386736004028,NO,-0.72251372,-0.441
27,THR,490,PHE,8.344602447091171,NO,0.21429538,0.375
353,LYS,443,SER,8.348589581480216,NO,-0.90750351,1.258
72,PHE,489,TYR,8.355213043364003,NO,-0.04997368,-0.146
77,SER,486,PHE,8.362412690127176,NO,-0.23759324,0.007
34,HIS,489,TYR,8.389374291328286,NO,0.04777241,0.159
386,ALA,504,GLY,8.39972267399347,NO,0.24415518,0.074
325,GLN,504,GLY,8.40267344361305,NO,0.39039883,0.287
330,ASN,503,VAL,8.403913850105797,NO,0.59502643,0.091
326,GLY,504,GLY,8.427160494496352,NO,0.64465730,0.080
41,TYR,439,ASN,8.427635730144011,NO,0.03404245,-0.012
28,PHE,476,GLY,8.434647176971898,NO,-0.46886672,-0.001
37,GLU,502,GLY,8.445946956972913,NO,-1.49886093,1.261
36,ALA,455,LEU,8.450796530505277,NO,-0.05132898,-0.025
383,MET,502,GLY,8.471518517951784,NO,-0.23520203,-0.185
19,SER,486,PHE,8.480082192997896,NO,-0.02690591,0.056
20,THR,486,PHE,8.4939155281884,NO,-0.03495709,-0.138
44,SER,498,GLN,8.494527709060701,NO,0.09048586,-1.223
330,ASN,445,VAL,8.504671010685836,NO,-0.34080563,-0.034
34,HIS,490,PHE,8.519814375912192,NO,-0.31440029,-0.423
27,THR,458,LYS,8.545369564857918,NO,-0.03676738,-0.639
27,THR,486,PHE,8.554661477814305,NO,0.20986835,0.212
327,PHE,506,GLN,8.563456428335465,NO,0.21632418,0.078
80,ALA,487,ASN,8.579960955622116,NO,-0.04263947,0.071
35,GLU,496,GLY,8.586138654831984,NO,-0.55592393,0.525
383,MET,505,TYR,8.594849504208902,NO,0.03836713,-0.028
27,THR,485,GLY,8.605390113179068,NO,0.13760665,0.072
19,SER,458,LYS,8.611815952515474,NO,-0.40343334,-0.183
350,ASP,505,TYR,8.619897737212433,NO,-0.19341116,0.697
34,HIS,409,GLN,8.630443499612287,NO,-0.34394868,-0.221
30,ASP,454,ARG,8.652812837453494,YES,-24.19583825,-24.052
31,LYS,454,ARG,8.670967996711784,NO,26.13148310,29.122
44,SER,501,ASN,8.678498199573472,NO,0.37644673,0.160
65,ALA,498,GLN,8.69741461584993,NO,-0.20719684,0.110
24,GLN,485,GLY,8.697483199178945,NO,-0.07539733,0.511
388,GLN,403,ARG,8.698537463275077,NO,-3.02852565,-3.414
35,GLU,495,TYR,8.702603920666505,NO,4.02974017,-1.065
65,ALA,446,GLY,8.707494875106159,NO,0.11812385,0.076
23,GLU,474,GLN,8.711265637093152,NO,-0.42514947,1.371
76,GLN,488,CYS,8.719664041693349,NO,1.19111454,1.177
28,PHE,417,LYS,8.740305772683241,NO,-2.93534581,0.169
42,GLN,495,TYR,8.751011655803005,NO,-0.31652423,0.278
356,PHE,405,ASP,8.751214658548834,NO,-0.40637816,0.182
351,LEU,505,TYR,8.754593422883785,NO,-0.02681390,-0.047
357,ARG,506,GLN,8.762257985245585,NO,2.07316119,1.184
38,ASP,403,ARG,8.787206438908786,YES,-27.88584232,-27.996
352,GLY,403,ARG,8.788956365803621,NO,2.28614257,2.321
88,ILE,486,PHE,8.79873934151933,NO,0.00184238,0.026
30,ASP,491,PRO,8.800811155796948,NO,3.76993929,2.182
83,TYR,473,TYR,8.805285287825715,NO,0.01858621,0.057
36,ALA,505,TYR,8.816029775358066,NO,0.05932818,0.138
45,LEU,443,SER,8.818504635140814,NO,0.01816812,0.051
385,TYR,505,TYR,8.828459888338395,NO,0.04561359,0.011
323,MET,503,VAL,8.830715373060102,NO,-0.07616530,0.063
353,LYS,451,TYR,8.832190102120766,NO,-0.79902507,-2.662
83,TYR,474,GLN,8.841101628190913,NO,0.11077412,0.149
21,ILE,478,THR,8.848785114353271,NO,0.00449989,0.118
48,TRP,445,VAL,8.870738582553317,NO,0.15398769,0.158
36,ALA,449,TYR,8.878210968432773,NO,-0.30049425,0.032
34,HIS,422,ASN,8.880070607827395,NO,-0.29152494,-0.244
34,HIS,491,PRO,8.8820562371559,NO,-0.50849404,0.161
356,PHE,506,GLN,8.882654614471962,NO,0.08215901,-0.194
46,ALA,445,VAL,8.899286544437144,NO,-0.12793503,0.054
38,ASP,444,LYS,8.912784974406145,YES,-29.32748693,-26.765
325,GLN,508,TYR,8.916133747314472,NO,0.07684886,-0.054
39,LEU,494,SER,8.931801442038442,NO,-0.36458562,-0.208
393,ARG,405,ASP,8.93821581748841,YES,-28.24874370,-29.388
39,LEU,446,GLY,8.939102975131227,NO,0.15136278,0.068
389,PRO,403,ARG,8.942848483564955,NO,-1.25379793,1.247
352,GLY,503,VAL,8.94600167672687,NO,-0.17623482,-0.072
100,LEU,489,TYR,8.961391075050793,NO,-0.02267655,-0.059
43,SER,446,GLY,8.963871763919872,NO,-0.43653710,-0.159
22,GLU,476,GLY,8.966599857248008,NO,0.93703250,-0.176
390,PHE,403,ARG,8.9770655561826,NO,1.35167064,0.024
354,GLY,499,PRO,8.984907901586972,NO,1.13869262,0.355
83,TYR,478,THR,8.985034668825717,NO,0.02574069,-0.095
353,LYS,404,GLY,8.993898709680915,NO,2.68340940,1.512
27,THR,472,ILE,9.010469632599625,NO,-0.05096496,-0.147
328,TRP,500,THR,9.011485560106061,NO,-0.49633324,-0.105
36,ALA,453,TYR,9.01525656872837,NO,-0.17204280,-0.112
30,ASP,490,PHE,9.028986487973052,NO,1.45813222,1.906
29,LEU,486,PHE,9.0356674352258,NO,0.11423172,0.116
350,ASP,502,GLY,9.041092245962322,NO,-1.98490849,-0.150
45,LEU,448,ASN,9.043928902860745,NO,-0.00935565,-0.028
326,GLY,498,GLN,9.055676727887318,NO,-0.15268167,0.437
32,PHE,417,LYS,9.080160846592971,NO,1.72781212,1.431
97,LEU,487,ASN,9.083364905143908,NO,-0.16943035,-0.064
33,ASN,489,TYR,9.086865961375237,NO,-0.08832878,-0.188
76,GLN,456,PHE,9.089448443112484,NO,-0.01580593,-0.047
37,GLU,455,LEU,9.094524286624342,NO,0.43559020,0.311
21,ILE,489,TYR,9.097941140719696,NO,0.13335196,0.102
30,ASP,487,ASN,9.10288904689055,NO,0.61447279,-0.639
354,GLY,498,GLN,9.123586630267726,NO,0.69727126,-0.639
31,LYS,483,VAL,9.123836199757205,NO,1.14910659,0.910
49,ASN,499,PRO,9.126994083486633,NO,0.21465317,0.158
25,ALA,473,TYR,9.132880487557035,NO,0.00866419,0.141
19,SER,488,CYS,9.14422402393992,NO,0.69884434,0.938
387,ALA,408,ARG,9.14844205315856,NO,-1.44287770,-1.374
46,ALA,500,THR,9.15231773923961,NO,0.06108446,-0.038
353,LYS,444,LYS,9.158630028557763,NO,23.24191194,21.148
352,GLY,496,GLY,9.166991491214551,NO,0.17071588,-0.036
23,GLU,477,SER,9.17512904541402,NO,0.09989544,-1.472
387,ALA,504,GLY,9.187775628518581,NO,0.25106232,0.117
33,ASN,494,SER,9.191157108873723,NO,-0.00552487,0.411
32,PHE,453,TYR,9.193906514643274,NO,0.01562513,-0.117
40,PHE,501,ASN,9.194407267464284,NO,0.12512936,0.212
352,GLY,506,GLN,9.216781813626705,NO,-0.26415726,-0.337
30,ASP,416,GLY,9.223194674298055,NO,-3.22459481,-2.406
61,ASN,446,GLY,9.23692118619619,NO,0.33947691,0.263
34,HIS,452,LEU,9.238011095468547,NO,0.20529352,-0.028
68,LYS,449,TYR,9.249851079882312,NO,-0.38476891,-0.896
40,PHE,493,GLN,9.250969678903935,NO,0.47426551,0.128
28,PHE,484,GLU,9.25531749860587,NO,1.91825372,0.957
31,LYS,452,LEU,9.260436814751236,NO,1.12629482,2.163
353,LYS,439,ASN,9.263238040771704,NO,-2.88649724,-0.862
323,MET,502,GLY,9.27172998959741,NO,-0.03963925,0.095
355,ASP,496,GLY,9.279892510153337,NO,0.71857291,2.143
352,GLY,504,GLY,9.280422835194525,NO,-0.11613021,-0.214
22,GLU,486,PHE,9.284052455689812,NO,-0.58597908,-0.832
23,GLU,486,PHE,9.284137062753866,NO,-0.07009284,-0.500
328,TRP,502,GLY,9.289441856215044,NO,0.00611876,0.192
83,TYR,456,PHE,9.293372584804724,NO,-0.00524690,-0.005
355,ASP,439,ASN,9.294556094833148,NO,0.23147863,-0.013
38,ASP,500,THR,9.308692872793689,NO,-2.25730884,-0.632
29,LEU,493,GLN,9.322308780554309,NO,-0.23147483,-0.142
351,LEU,499,PRO,9.325105629428547,NO,-0.23710382,-0.089
37,GLU,504,GLY,9.328085602094355,NO,-1.05434498,-0.199
35,GLU,505,TYR,9.33210099602442,NO,0.39996121,0.317
357,ARG,439,ASN,9.332418657561393,NO,-0.55082759,-0.187
41,TYR,503,VAL,9.334137614155903,NO,0.04972187,-0.017
75,GLU,485,GLY,9.335855075995987,NO,0.38494745,-0.246
34,HIS,416,GLY,9.344631399900159,NO,-0.36845127,-0.480
76,GLN,493,GLN,9.352585631791888,NO,0.03012385,0.100
37,GLU,497,PHE,9.352924569352625,NO,0.53852584,-1.910
31,LYS,471,GLU,9.355544398911267,YES,-24.74974996,-23.178
41,TYR,495,TYR,9.357310404170635,NO,-0.23244527,-0.003
354,GLY,404,GLY,9.37821528863568,NO,-0.36896968,0.020
75,GLU,489,TYR,9.381894691372315,NO,-0.45900225,-2.211
382,ASP,505,TYR,9.382023768889097,NO,-0.14813252,0.342
45,LEU,502,GLY,9.403647217968143,NO,0.02162164,-0.054
37,GLU,405,ASP,9.40721685728569,NO,28.48636868,30.532
82,MET,488,CYS,9.411244604195558,NO,0.67457896,1.567
326,GLY,505,TYR,9.421279000220725,NO,0.45075457,0.081
61,ASN,445,VAL,9.438723960366676,NO,0.14757017,-0.039
39,LEU,447,GLY,9.44362822224594,NO,0.42293713,0.072
38,ASP,499,PRO,9.44815521676057,NO,-2.32920303,-1.373
20,THR,473,TYR,9.452050253780925,NO,-0.13048560,-0.185
79,LEU,475,ALA,9.46323036811426,NO,-0.03656349,-0.019
353,LYS,406,GLU,9.465403266633704,YES,-29.61918066,-30.059
35,GLU,452,LEU,9.46788635335258,NO,-0.03960460,-2.496
40,PHE,505,TYR,9.469534782659602,NO,-0.07374426,-0.059
22,GLU,489,TYR,9.499117485324623,NO,0.28201677,0.587
27,THR,480,CYS,9.50079749284238,NO,-0.77914659,-0.191
35,GLU,498,GLN,9.501997947800241,NO,-2.54408047,18.983
42,GLN,494,SER,9.504082806878316,NO,-0.06100634,-0.553
69,TRP,493,GLN,9.505090162644436,NO,-0.00108287,-0.063
88,ILE,487,ASN,9.510064458246324,NO,-0.02064542,0.009
36,ALA,494,SER,9.521442852845361,NO,-0.07402823,-0.342
26,LYS,476,GLY,9.524694115823351,NO,-2.58249113,-0.117
72,PHE,484,GLU,9.532481156551007,NO,0.65859928,0.472
72,PHE,455,LEU,9.533114286527775,NO,-0.02775739,-0.007
355,ASP,445,VAL,9.535174356035654,NO,-0.93939529,-2.262
68,LYS,446,GLY,9.541276329716062,NO,-2.27804549,-2.428
65,ALA,449,TYR,9.544641480956736,NO,-0.01647057,-0.031
36,ALA,498,GLN,9.567364997741018,NO,-0.31391774,0.287
327,PHE,499,PRO,9.568103364826282,NO,-0.55669348,-0.170
26,LYS,421,TYR,9.573291701395084,NO,-0.34957437,-0.412
35,GLU,491,PRO,9.59021485682151,NO,2.55999692,-0.677
32,PHE,487,ASN,9.592330321668447,NO,-0.17552710,0.032
20,THR,489,TYR,9.610191413286211,NO,0.07597102,0.247
355,ASP,403,ARG,9.633191994349538,YES,-23.37932997,-24.383
100,LEU,486,PHE,9.64076304034074,NO,0.00536384,0.018
31,LYS,421,TYR,9.643342262929385,NO,-0.52671625,-0.755
39,LEU,501,ASN,9.653248416983791,NO,-0.26703145,0.111
353,LYS,442,ASP,9.65908944983946,YES,-22.95819240,-23.643
328,TRP,503,VAL,9.661841128894638,NO,0.43051200,0.058
355,ASP,497,PHE,9.662303969550948,NO,-0.45906100,-2.292
76,GLN,490,PHE,9.662846475030015,NO,0.12285503,-0.067
28,PHE,493,GLN,9.663627321042545,NO,0.08977460,-0.115
325,GLN,440,ASN,9.66815442574228,NO,-0.01306763,0.250
350,ASP,501,ASN,9.67119211886518,NO,-1.49719322,-0.260
23,GLU,417,LYS,9.68070890999208,YES,-25.93284895,-25.119
34,HIS,498,GLN,9.682440033380017,NO,-0.38454199,1.158
28,PHE,474,GLN,9.684118803484393,NO,0.27076973,-0.005
349,TRP,500,THR,9.687597328543337,NO,0.12098742,0.265
329,GLU,498,GLN,9.697244453967322,NO,0.38284193,30.845
78,THR,489,TYR,9.706756718904622,NO,0.10047881,0.231
30,ASP,420,ASP,9.717081300472893,NO,25.83776962,27.766
26,LYS,486,PHE,9.73092857850678,NO,0.07970763,0.815
29,LEU,473,TYR,9.733668681437642,NO,0.08584744,0.006
30,ASP,403,ARG,9.753132676222547,YES,-30.38671885,-28.662
35,GLU,417,LYS,9.756601713711593,YES,-24.19171742,-24.508
28,PHE,490,PHE,9.761467768732325,NO,0.23952271,0.220
356,PHE,403,ARG,9.767060868040089,NO,-0.19540576,-0.240
355,ASP,446,GLY,9.768940218877372,NO,-2.26289701,-0.415
27,THR,493,GLN,9.77641145819876,NO,-0.09521640,-0.078
78,THR,487,ASN,9.781089152032097,NO,0.17152114,0.182
39,LEU,505,TYR,9.797707333861327,NO,-0.01375528,-0.008
49,ASN,447,GLY,9.798125841200449,NO,-0.18307888,0.005
36,ALA,456,PHE,9.80216700531061,NO,-0.04338686,0.016
326,GLY,437,ASN,9.807512120818409,NO,0.31996808,0.045
38,ASP,455,LEU,9.811523276229844,NO,-0.48253553,-0.204
82,MET,476,GLY,9.818830225642971,NO,-0.29934525,-0.294
329,GLU,437,ASN,9.825782513367573,NO,0.09469729,-1.191
41,TYR,507,PRO,9.829761390796829,NO,-0.06510666,0.059
40,PHE,496,GLY,9.835699263397597,NO,-0.07668928,-0.230
33,ASN,496,GLY,9.839289456053214,NO,0.08892019,0.316
383,MET,503,VAL,9.841835347129113,NO,-0.27350654,-0.176
27,THR,454,ARG,9.845559151211273,NO,-1.42662285,-1.298
20,THR,474,GLN,9.853571027805094,NO,-0.65801254,0.103
24,GLN,480,CYS,9.853873299368122,NO,1.36517214,0.546
355,ASP,405,ASP,9.856858170837196,NO,21.54485037,21.992
27,THR,477,SER,9.859206560367822,NO,0.31452421,0.065
350,ASP,500,THR,9.859993204865813,NO,0.47680864,0.820
356,PHE,499,PRO,9.86169807893144,NO,-0.14198820,0.140
354,GLY,496,GLY,9.863436064577089,NO,0.03997966,-0.313
38,ASP,451,TYR,9.874535837192553,NO,0.45270170,2.583
82,MET,478,THR,9.8765951116769,NO,-0.00306039,0.255
351,LEU,445,VAL,9.8795232172408,NO,0.04527477,-0.090
357,ARG,505,TYR,9.886205642206722,NO,0.72291040,-0.208
35,GLU,403,ARG,9.896840859587467,YES,-25.77282520,-23.344
48,TRP,498,GLN,9.898974340809255,NO,-0.12731228,-0.697
352,GLY,499,PRO,9.8991554185193,NO,-0.31566552,-0.166
33,ASN,495,TYR,9.903684566867021,NO,-0.26761236,-0.371
330,ASN,505,TYR,9.90964969108394,NO,0.31281258,0.085
357,ARG,444,LYS,9.910094954136412,NO,19.47359069,18.398
36,ALA,496,GLY,9.912966912080359,NO,0.10377433,0.025
76,GLN,455,LEU,9.91435106297936,NO,0.04904450,0.023
353,LYS,445,VAL,9.91445762510486,NO,-1.39334987,1.660
39,LEU,495,TYR,9.92207382556691,NO,-0.49097149,0.163
52,THR,500,THR,9.922093226733963,NO,0.00858433,-0.033
324,THR,405,ASP,9.929704023786408,NO,-2.39038335,-2.377
393,ARG,502,GLY,9.934476433109094,NO,1.10386250,-0.548
87,GLU,486,PHE,9.94780709503356,NO,-0.56220304,-0.668
351,LEU,446,GLY,9.967578141153446,NO,0.12893898,0.114
393,ARG,453,TYR,9.967984249586273,NO,-0.25582218,-0.669
330,ASN,443,SER,9.973541146453448,NO,-0.08362390,0.048
81,GLN,489,TYR,9.976125751011763,NO,0.11666185,0.254
39,LEU,453,TYR,9.977579315645654,NO,-0.01417544,-0.046
32,PHE,490,PHE,9.9790606271332,NO,-0.09185798,-0.105
25,ALA,417,LYS,9.980799466976581,NO,-1.48340891,-0.509
38,ASP,445,VAL,9.98380358380512,NO,0.86689798,-2.222
