SPIKE_RESIDUE,ADJ_SAPT0
417,-96.404
403,-78.299
488,-29.597
406,-26.385
442,-23.643
484,-23.453
471,-23.178
449,-20.509
457,-20.300
505,-16.740
493,-15.920
490,-11.893
496,-11.212
456,-11.021
500,-9.572
506,-9.505
486,-8.233
405,-6.602
501,-6.089
473,-4.787
492,-4.762
485,-4.719
475,-4.364
497,-3.205
416,-2.886
439,-2.530
502,-2.175
476,-1.845
504,-1.798
503,-1.765
477,-1.751
448,-1.678
408,-1.374
489,-1.130
437,-0.911
458,-0.822
421,-0.759
445,-0.533
446,-0.507
487,-0.377
452,-0.361
455,-0.337
422,-0.244
409,-0.221
418,-0.114
451,-0.079
447,-0.062
508,-0.054
453,0.178
478,0.206
440,0.250
507,0.296
480,0.355
495,0.410
499,0.763
483,0.910
443,1.281
404,1.532
474,1.676
472,3.036
491,3.246
454,3.989
494,5.651
444,13.354
420,27.766
498,71.700
